{
  "name": "react-jike-mobile",
  "private": true,
  "version": "0.0.0",
  "type": "module",
  "scripts": {
    "dev": "vite",
    "build": "tsc && vite build",
    "lint": "eslint . --ext ts,tsx --report-unused-disable-directives --max-warnings 0",
    "preview": "vite preview"
  },
  "dependencies": {
    "antd-mobile": "^5.33.0",
    "axios": "^1.6.1",
    "normalize.css": "^8.0.1",
    "react": "^18.2.0",
    "react-dom": "^18.2.0",
    "react-router-dom": "^6.18.0"
  },
  "devDependencies": {
    "@types/node": "^20.9.0",
    "@types/react": "^18.2.15",
    "@types/react-dom": "^18.2.7",
    "@typescript-eslint/eslint-plugin": "^6.0.0",
    "@typescript-eslint/parser": "^6.0.0",
    "@vitejs/plugin-react": "^4.0.3",
    "eslint": "^8.45.0",
    "eslint-plugin-react-hooks": "^4.6.0",
    "eslint-plugin-react-refresh": "^0.4.3",
    "typescript": "^5.0.2",
    "vite": "^4.4.5"
  }
}
