{
"ka":[
  {
    "type": "pay",
    "money": -99,
    "date": "2023-1-1 10:10:10",
    "useFor": "drinks",
    "id": 1
  },
  {
    "type": "pay",
    "money": -88,
    "date": "2022-10-10 10:11:11",
    "useFor": "longdistance",
    "id": 2
  },
  {
    "type": "income",
    "money": 1000,
    "date": "2022-10-22 01:01:01",
    "useFor": "bonus",
    "id": 3
  },
  {
    "type": "pay",
    "money": -33,
    "date": "2022-9-25 14:13:13",
    "useFor": "dessert",
    "id": 4
  },
  {
    "type": "pay",
    "money": -56,
    "date": "2022-10-21T05:11:11.000z",
    "useFor": "drinks",
    "id": 5
  },
  {
    "type": "income",
    "money": 10000,
    "date": "2023-3-10T06:45:54.004z",
    "useFor": "salary",
    "id": 6
  },
  {
    "type": "income",
    "money": 5000,
    "date": "2022-9-15 15:15:15",
    "useFor": "bonus",
    "id": 7
  },
  {
    "type": "pay",
    "money": -100,
    "date": "2023-3-25T10:11:11.333z",
    "useFor": "food",
    "id": 8
  },
  {
    "type": "income",
    "money": 8000,
    "date": "2023-1-18T07:45:54.004z",
    "useFor": "salary",
    "id": 10
  },
  {
    "type": "income",
    "money": 5000,
    "date": "2022-11-1 13:13:13",
    "useFor": "bonus",
    "id": 11
  },
  {
    "type": "pay",
    "money": -200,
    "date": "2022-11-20T11:11:11.333z",
    "useFor": "food",
    "id": 12
  },
  {
    "type": "income",
    "money": 5000,
    "date": "2022-12-10T06:45:54.004z",
    "useFor": "salary",
    "id": 13
  },
  {
    "type": "pay",
    "money": -500,
    "date": "2022-12-15 15:15:15",
    "useFor": "drinks",
    "id": 14
  },
  {
    "type": "pay",
    "money": -100,
    "date": "2022-12-25T10:11:11.333z",
    "useFor": "food",
    "id": 15
  },
  {
    "type": "income",
    "money": 5000,
    "date": "2023-2-1T08:45:54.004z",
    "useFor": "salary",
    "id": 16
  },
  {
    "type": "pay",
    "money": -300,
    "date": "2023-2-20 15:15:15",
    "useFor": "drinks",
    "id": 17
  },
  {
    "type": "pay",
    "money": -100,
    "date": "2023-2-25T10:11:11.333z",
    "useFor": "food",
    "id": 18
  },
  {
    "type": "pay",
    "money": -99,
    "date": "2024-1-1 10:10:10",
    "useFor": "drinks",
    "id": 19
  },
  {
    "type": "pay",
    "money": -88,
    "date": "2023-10-10 10:11:11",
    "useFor": "longdistance",
    "id": 20
  },
  {
    "type": "income",
    "money": 1000,
    "date": "2023-10-22 01:01:01",
    "useFor": "bonus",
    "id": 21
  },
  {
    "type": "pay",
    "money": -33,
    "date": "2023-9-25 14:13:13",
    "useFor": "dessert",
    "id": 22
  },
  {
    "type": "pay",
    "money": -56,
    "date": "2023-10-21T05:11:11.000z",
    "useFor": "drinks",
    "id": 23
  },
  {
    "type": "income",
    "money": 10000,
    "date": "2024-2-10T06:45:54.004z",
    "useFor": "salary",
    "id": 24
  },
  {
    "type": "income",
    "money": 5000,
    "date": "2023-9-15 15:15:15",
    "useFor": "bonus",
    "id": 25
  },
  {
    "type": "pay",
    "money": -100,
    "date": "2024-2-25T10:11:11.333z",
    "useFor": "food",
    "id": 26
  },
  {
    "type": "income",
    "money": 8000,
    "date": "2024-1-18T07:45:54.004z",
    "useFor": "salary",
    "id": 27
  },
  {
    "type": "income",
    "money": 5000,
    "date": "2023-11-1 13:13:13",
    "useFor": "bonus",
    "id": 28
  },
  {
    "type": "pay",
    "money": -200,
    "date": "2023-11-20T11:11:11.333z",
    "useFor": "food",
    "id": 29
  },
  {
    "type": "income",
    "money": 5000,
    "date": "2023-12-10T06:45:54.004z",
    "useFor": "salary",
    "id": 30
  },
  {
    "type": "pay",
    "money": -500,
    "date": "2023-12-15 15:15:15",
    "useFor": "drinks",
    "id": 31
  },
  {
    "type": "pay",
    "money": -100,
    "date": "2023-12-25T10:11:11.333z",
    "useFor": "food",
    "id": 32
  },
  {
    "type": "income",
    "money": 5000,
    "date": "2024-2-1T08:45:54.004z",
    "useFor": "salary",
    "id": 33
  },
  {
    "type": "pay",
    "money": -300,
    "date": "2024-2-20 15:15:15",
    "useFor": "drinks",
    "id": 34
  },
  {
    "type": "pay",
    "money": -100,
    "date": "2024-2-20 16:16:16",
    "useFor": "food",
    "id": 36
  },
  {
    "type": "pay",
    "money": -100,
    "date": "2024-2-26T10:11:11.333z",
    "useFor": "food",
    "id": 35
  }
]
}